{
    "prepare_queue": {
        "installed": [],
        "uninstalled": []
    },
    "config_munge": {
        "files": {
            "config.xml": {
                "parents": {
                    "/*": [
                        {
                            "xml": "<feature name=\"Console\"><param name=\"ios-package\" value=\"CDVLogger\" /></feature>",
                            "count": 1
                        },
                        {
                            "xml": "<feature name=\"Device\"><param name=\"ios-package\" value=\"CDVDevice\" /></feature>",
                            "count": 1
                        },
                        {
                            "xml": "<feature name=\"SplashScreen\"><param name=\"ios-package\" value=\"CDVSplashScreen\" /><param name=\"onload\" value=\"true\" /></feature>",
                            "count": 1
                        },
                        {
                            "xml": "<feature name=\"StatusBar\"><param name=\"ios-package\" value=\"CDVStatusBar\" /><param name=\"onload\" value=\"true\" /></feature>",
                            "count": 1
                        },
                        {
                            "xml": "<preference name=\"StatusBarOverlaysWebView\" value=\"true\" />",
                            "count": 1
                        },
                        {
                            "xml": "<preference name=\"StatusBarStyle\" value=\"lightcontent\" />",
                            "count": 1
                        },
                        {
                            "xml": "<feature name=\"Keyboard\"><param name=\"ios-package\" onload=\"true\" value=\"IonicKeyboard\" /></feature>",
                            "count": 1
                        },
                        {
                            "xml": "<preference name=\"BackupWebStorage\" value=\"local\" />",
                            "count": 1
                        },
                        {
                            "xml": "<access origin=\"http://localhost\" />",
                            "count": 1
                        },
                        {
                            "xml": "<access origin=\"https://*.force.com\" />",
                            "count": 1
                        },
                        {
                            "xml": "<access origin=\"https://*.salesforce.com\" />",
                            "count": 1
                        },
                        {
                            "xml": "<feature name=\"com.salesforce.oauth\"><param name=\"ios-package\" value=\"SalesforceOAuthPlugin\" /></feature>",
                            "count": 1
                        },
                        {
                            "xml": "<feature name=\"com.salesforce.sdkinfo\"><param name=\"ios-package\" value=\"SFSDKInfoPlugin\" /></feature>",
                            "count": 1
                        },
                        {
                            "xml": "<feature name=\"com.salesforce.sfaccountmanager\"><param name=\"ios-package\" value=\"SFAccountManagerPlugin\" /></feature>",
                            "count": 1
                        },
                        {
                            "xml": "<feature name=\"com.salesforce.smartstore\"><param name=\"ios-package\" value=\"SFSmartStorePlugin\" /></feature>",
                            "count": 1
                        },
                        {
                            "xml": "<feature name=\"com.salesforce.smartsync\"><param name=\"ios-package\" value=\"SFSmartSyncPlugin\" /></feature>",
                            "count": 1
                        },
                        {
                            "xml": "<feature name=\"Globalization\"><param name=\"ios-package\" value=\"CDVGlobalization\" /></feature>",
                            "count": 1
                        },
                        {
                            "xml": "<preference name=\"AndroidPersistentFileLocation\" value=\"Internal\" />",
                            "count": 1
                        },
                        {
                            "xml": "<feature name=\"File\"><param name=\"ios-package\" value=\"CDVFile\" /><param name=\"onload\" value=\"true\" /></feature>",
                            "count": 1
                        },
                        {
                            "xml": "<feature name=\"FileTransfer\"><param name=\"ios-package\" value=\"CDVFileTransfer\" /></feature>",
                            "count": 1
                        },
                        {
                            "xml": "<feature name=\"AppVersion\"><param name=\"ios-package\" value=\"AppVersion\" /></feature>",
                            "count": 1
                        },
                        {
                            "xml": "<feature name=\"Notification\"><param name=\"ios-package\" value=\"CDVNotification\" /></feature>",
                            "count": 1
                        },
                        {
                            "xml": "<feature name=\"InAppBrowser\"><param name=\"ios-package\" value=\"CDVInAppBrowser\" /></feature>",
                            "count": 1
                        },
                        {
                            "xml": "<feature name=\"PushPlugin\"><param name=\"ios-package\" value=\"PushPlugin\" /></feature>",
                            "count": 1
                        }
                    ],
                    "/widget": [
                        {
                            "xml": "<feature name=\"Zip\"><param name=\"ios-package\" value=\"ZipPlugin\" /></feature>",
                            "count": 1
                        }
                    ]
                }
            },
            "*-Info.plist": {
                "parents": {
                    "NSAppTransportSecurity": [
                        {
                            "xml": "<dict><key>NSExceptionDomains</key><dict><key>salesforce.com</key><dict><key>NSIncludesSubdomains</key><true /><key>NSExceptionRequiresForwardSecrecy</key><false /></dict><key>force.com</key><dict><key>NSIncludesSubdomains</key><true /><key>NSExceptionRequiresForwardSecrecy</key><false /></dict></dict></dict>",
                            "count": 1
                        }
                    ]
                }
            }
        }
    },
    "installed_plugins": {
        "cordova-plugin-console": {
            "PACKAGE_NAME": "com.ionicframework.starter"
        },
        "cordova-plugin-device": {
            "PACKAGE_NAME": "com.ionicframework.starter"
        },
        "cordova-plugin-splashscreen": {
            "PACKAGE_NAME": "com.ionicframework.starter"
        },
        "cordova-plugin-statusbar": {
            "PACKAGE_NAME": "com.ionicframework.starter"
        },
        "cordova-plugin-whitelist": {
            "PACKAGE_NAME": "com.ionicframework.starter"
        },
        "ionic-plugin-keyboard": {
            "PACKAGE_NAME": "com.ionicframework.starter"
        },
        "com.salesforce": {
            "PACKAGE_NAME": "com.ionicframework.astrazeneca753367"
        },
        "org.apache.cordova.globalization": {
            "PACKAGE_NAME": "com.oinio.astrazeneca.eisop"
        },
        "cordova-plugin-file": {
            "PACKAGE_NAME": "com.oinio.astrazeneca.eisop"
        },
        "cordova-plugin-zip": {
            "PACKAGE_NAME": "com.oinio.astrazeneca.eisop"
        },
        "cordova-plugin-file-transfer": {
            "PACKAGE_NAME": "com.oinio.astrazeneca.eisop"
        },
        "cordova-plugin-app-version": {
            "PACKAGE_NAME": "com.oinio.astrazeneca.eisop"
        },
        "cordova-plugin-dialogs": {
            "PACKAGE_NAME": "com.oinio.astrazeneca.eisop"
        },
        "cordova-plugin-inappbrowser": {
            "PACKAGE_NAME": "com.oinio.astrazeneca.eisop"
        },
        "com.phonegap.plugins.PushPlugin": {
            "PACKAGE_NAME": "com.ionicframework.astrazeneca753367"
        }
    },
    "dependent_plugins": {},
    "modules": [
        {
            "file": "plugins/cordova-plugin-console/www/console-via-logger.js",
            "id": "cordova-plugin-console.console",
            "pluginId": "cordova-plugin-console",
            "clobbers": [
                "console"
            ]
        },
        {
            "file": "plugins/cordova-plugin-console/www/logger.js",
            "id": "cordova-plugin-console.logger",
            "pluginId": "cordova-plugin-console",
            "clobbers": [
                "cordova.logger"
            ]
        },
        {
            "file": "plugins/cordova-plugin-device/www/device.js",
            "id": "cordova-plugin-device.device",
            "pluginId": "cordova-plugin-device",
            "clobbers": [
                "device"
            ]
        },
        {
            "file": "plugins/cordova-plugin-splashscreen/www/splashscreen.js",
            "id": "cordova-plugin-splashscreen.SplashScreen",
            "pluginId": "cordova-plugin-splashscreen",
            "clobbers": [
                "navigator.splashscreen"
            ]
        },
        {
            "file": "plugins/cordova-plugin-statusbar/www/statusbar.js",
            "id": "cordova-plugin-statusbar.statusbar",
            "pluginId": "cordova-plugin-statusbar",
            "clobbers": [
                "window.StatusBar"
            ]
        },
        {
            "file": "plugins/ionic-plugin-keyboard/www/ios/keyboard.js",
            "id": "ionic-plugin-keyboard.keyboard",
            "pluginId": "ionic-plugin-keyboard",
            "clobbers": [
                "cordova.plugins.Keyboard"
            ],
            "runs": true
        },
        {
            "file": "plugins/com.salesforce/www/com.salesforce.plugin.oauth.js",
            "id": "com.salesforce.plugin.oauth",
            "pluginId": "com.salesforce"
        },
        {
            "file": "plugins/com.salesforce/www/com.salesforce.plugin.sdkinfo.js",
            "id": "com.salesforce.plugin.sdkinfo",
            "pluginId": "com.salesforce"
        },
        {
            "file": "plugins/com.salesforce/www/com.salesforce.plugin.smartstore.js",
            "id": "com.salesforce.plugin.smartstore",
            "pluginId": "com.salesforce",
            "clobbers": [
                "navigator.smartstore"
            ]
        },
        {
            "file": "plugins/com.salesforce/www/com.salesforce.plugin.sfaccountmanager.js",
            "id": "com.salesforce.plugin.sfaccountmanager",
            "pluginId": "com.salesforce"
        },
        {
            "file": "plugins/com.salesforce/www/com.salesforce.plugin.smartsync.js",
            "id": "com.salesforce.plugin.smartsync",
            "pluginId": "com.salesforce"
        },
        {
            "file": "plugins/com.salesforce/www/com.salesforce.util.bootstrap.js",
            "id": "com.salesforce.util.bootstrap",
            "pluginId": "com.salesforce"
        },
        {
            "file": "plugins/com.salesforce/www/com.salesforce.util.event.js",
            "id": "com.salesforce.util.event",
            "pluginId": "com.salesforce"
        },
        {
            "file": "plugins/com.salesforce/www/com.salesforce.util.exec.js",
            "id": "com.salesforce.util.exec",
            "pluginId": "com.salesforce"
        },
        {
            "file": "plugins/com.salesforce/www/com.salesforce.util.logger.js",
            "id": "com.salesforce.util.logger",
            "pluginId": "com.salesforce"
        },
        {
            "file": "plugins/com.salesforce/www/com.salesforce.util.push.js",
            "id": "com.salesforce.util.push",
            "pluginId": "com.salesforce"
        },
        {
            "file": "plugins/org.apache.cordova.globalization/www/GlobalizationError.js",
            "id": "org.apache.cordova.globalization.GlobalizationError",
            "pluginId": "org.apache.cordova.globalization",
            "clobbers": [
                "window.GlobalizationError"
            ]
        },
        {
            "file": "plugins/org.apache.cordova.globalization/www/globalization.js",
            "id": "org.apache.cordova.globalization.globalization",
            "pluginId": "org.apache.cordova.globalization",
            "clobbers": [
                "navigator.globalization"
            ]
        },
        {
            "file": "plugins/cordova-plugin-file/www/DirectoryEntry.js",
            "id": "cordova-plugin-file.DirectoryEntry",
            "pluginId": "cordova-plugin-file",
            "clobbers": [
                "window.DirectoryEntry"
            ]
        },
        {
            "file": "plugins/cordova-plugin-file/www/DirectoryReader.js",
            "id": "cordova-plugin-file.DirectoryReader",
            "pluginId": "cordova-plugin-file",
            "clobbers": [
                "window.DirectoryReader"
            ]
        },
        {
            "file": "plugins/cordova-plugin-file/www/Entry.js",
            "id": "cordova-plugin-file.Entry",
            "pluginId": "cordova-plugin-file",
            "clobbers": [
                "window.Entry"
            ]
        },
        {
            "file": "plugins/cordova-plugin-file/www/File.js",
            "id": "cordova-plugin-file.File",
            "pluginId": "cordova-plugin-file",
            "clobbers": [
                "window.File"
            ]
        },
        {
            "file": "plugins/cordova-plugin-file/www/FileEntry.js",
            "id": "cordova-plugin-file.FileEntry",
            "pluginId": "cordova-plugin-file",
            "clobbers": [
                "window.FileEntry"
            ]
        },
        {
            "file": "plugins/cordova-plugin-file/www/FileError.js",
            "id": "cordova-plugin-file.FileError",
            "pluginId": "cordova-plugin-file",
            "clobbers": [
                "window.FileError"
            ]
        },
        {
            "file": "plugins/cordova-plugin-file/www/FileReader.js",
            "id": "cordova-plugin-file.FileReader",
            "pluginId": "cordova-plugin-file",
            "clobbers": [
                "window.FileReader"
            ]
        },
        {
            "file": "plugins/cordova-plugin-file/www/FileSystem.js",
            "id": "cordova-plugin-file.FileSystem",
            "pluginId": "cordova-plugin-file",
            "clobbers": [
                "window.FileSystem"
            ]
        },
        {
            "file": "plugins/cordova-plugin-file/www/FileUploadOptions.js",
            "id": "cordova-plugin-file.FileUploadOptions",
            "pluginId": "cordova-plugin-file",
            "clobbers": [
                "window.FileUploadOptions"
            ]
        },
        {
            "file": "plugins/cordova-plugin-file/www/FileUploadResult.js",
            "id": "cordova-plugin-file.FileUploadResult",
            "pluginId": "cordova-plugin-file",
            "clobbers": [
                "window.FileUploadResult"
            ]
        },
        {
            "file": "plugins/cordova-plugin-file/www/FileWriter.js",
            "id": "cordova-plugin-file.FileWriter",
            "pluginId": "cordova-plugin-file",
            "clobbers": [
                "window.FileWriter"
            ]
        },
        {
            "file": "plugins/cordova-plugin-file/www/Flags.js",
            "id": "cordova-plugin-file.Flags",
            "pluginId": "cordova-plugin-file",
            "clobbers": [
                "window.Flags"
            ]
        },
        {
            "file": "plugins/cordova-plugin-file/www/LocalFileSystem.js",
            "id": "cordova-plugin-file.LocalFileSystem",
            "pluginId": "cordova-plugin-file",
            "clobbers": [
                "window.LocalFileSystem"
            ],
            "merges": [
                "window"
            ]
        },
        {
            "file": "plugins/cordova-plugin-file/www/Metadata.js",
            "id": "cordova-plugin-file.Metadata",
            "pluginId": "cordova-plugin-file",
            "clobbers": [
                "window.Metadata"
            ]
        },
        {
            "file": "plugins/cordova-plugin-file/www/ProgressEvent.js",
            "id": "cordova-plugin-file.ProgressEvent",
            "pluginId": "cordova-plugin-file",
            "clobbers": [
                "window.ProgressEvent"
            ]
        },
        {
            "file": "plugins/cordova-plugin-file/www/fileSystems.js",
            "id": "cordova-plugin-file.fileSystems",
            "pluginId": "cordova-plugin-file"
        },
        {
            "file": "plugins/cordova-plugin-file/www/requestFileSystem.js",
            "id": "cordova-plugin-file.requestFileSystem",
            "pluginId": "cordova-plugin-file",
            "clobbers": [
                "window.requestFileSystem"
            ]
        },
        {
            "file": "plugins/cordova-plugin-file/www/resolveLocalFileSystemURI.js",
            "id": "cordova-plugin-file.resolveLocalFileSystemURI",
            "pluginId": "cordova-plugin-file",
            "merges": [
                "window"
            ]
        },
        {
            "file": "plugins/cordova-plugin-file/www/ios/FileSystem.js",
            "id": "cordova-plugin-file.iosFileSystem",
            "pluginId": "cordova-plugin-file",
            "merges": [
                "FileSystem"
            ]
        },
        {
            "file": "plugins/cordova-plugin-file/www/fileSystems-roots.js",
            "id": "cordova-plugin-file.fileSystems-roots",
            "pluginId": "cordova-plugin-file",
            "runs": true
        },
        {
            "file": "plugins/cordova-plugin-file/www/fileSystemPaths.js",
            "id": "cordova-plugin-file.fileSystemPaths",
            "pluginId": "cordova-plugin-file",
            "merges": [
                "cordova"
            ],
            "runs": true
        },
        {
            "file": "plugins/cordova-plugin-zip/zip.js",
            "id": "cordova-plugin-zip.Zip",
            "pluginId": "cordova-plugin-zip",
            "clobbers": [
                "zip"
            ]
        },
        {
            "file": "plugins/cordova-plugin-file-transfer/www/FileTransferError.js",
            "id": "cordova-plugin-file-transfer.FileTransferError",
            "pluginId": "cordova-plugin-file-transfer",
            "clobbers": [
                "window.FileTransferError"
            ]
        },
        {
            "file": "plugins/cordova-plugin-file-transfer/www/FileTransfer.js",
            "id": "cordova-plugin-file-transfer.FileTransfer",
            "pluginId": "cordova-plugin-file-transfer",
            "clobbers": [
                "window.FileTransfer"
            ]
        },
        {
            "file": "plugins/cordova-plugin-app-version/www/AppVersionPlugin.js",
            "id": "cordova-plugin-app-version.AppVersionPlugin",
            "pluginId": "cordova-plugin-app-version",
            "clobbers": [
                "cordova.getAppVersion"
            ]
        },
        {
            "file": "plugins/cordova-plugin-dialogs/www/notification.js",
            "id": "cordova-plugin-dialogs.notification",
            "pluginId": "cordova-plugin-dialogs",
            "merges": [
                "navigator.notification"
            ]
        },
        {
            "file": "plugins/cordova-plugin-inappbrowser/www/inappbrowser.js",
            "id": "cordova-plugin-inappbrowser.inappbrowser",
            "pluginId": "cordova-plugin-inappbrowser",
            "clobbers": [
                "cordova.InAppBrowser.open",
                "window.open"
            ]
        },
        {
            "file": "plugins/com.phonegap.plugins.PushPlugin/www/PushNotification.js",
            "id": "com.phonegap.plugins.PushPlugin.PushNotification",
            "pluginId": "com.phonegap.plugins.PushPlugin",
            "clobbers": [
                "PushNotification"
            ]
        }
    ],
    "plugin_metadata": {
        "cordova-plugin-console": "1.0.2",
        "cordova-plugin-device": "1.1.0",
        "cordova-plugin-splashscreen": "3.0.0",
        "cordova-plugin-statusbar": "2.0.0",
        "cordova-plugin-whitelist": "1.2.0",
        "ionic-plugin-keyboard": "1.0.8",
        "com.salesforce": "3.3.2",
        "org.apache.cordova.globalization": "0.3.4",
        "cordova-plugin-file": "3.0.0",
        "cordova-plugin-zip": "3.0.0",
        "cordova-plugin-file-transfer": "1.4.0",
        "cordova-plugin-app-version": "0.1.8",
        "cordova-plugin-dialogs": "1.2.0",
        "cordova-plugin-inappbrowser": "1.1.1",
        "com.phonegap.plugins.PushPlugin": "2.2.1"
    }
}